<?xml version="1.0" encoding="UTF-8"?>
<extension id="xssfilter" status="released" xmlns="http://getsymphony.com/schemas/extension/1.0">
	<name>Cross-Site Scripting (XSS) Filter</name>
	<description>Protect yourself against XSS attacks in form submissions.</description>
	<repo type="github">https://github.com/symphonycms/xssfilter</repo>
	<types>
		<type>Events</type>
		<type>Security</type>
	</types>
	<authors>
		<author>
			<name github="symphonycms" symphony="team">Symphony Team</name>
			<website>http://getsymphony.com</website>
		</author>
	</authors>
	<releases>
		<release version="1.2" date="2013-07-01" min="2.0.3">
			- Add Russian translation
			- Additional detection logic adding for `feed` and `data` protocols
			- Update all links to **getsymphony.com**
		</release>
		<release version="1.1.1" date="2012-05-21" min="2.0.3">
			- More robust checking to handle upload fields and integers
		</release>
		<release version="1.1" date="2011-05-29" min="2.0.3">
			- Static `detectXSS` function so that logic can be used by other extensions outside of the Event Options context
			- Events with the XSS Filter can now handle nested field data to an infinite level
			- Slight performance tweak if XSS is detected
			- Additional detection logic adding for `livescript` and `mocha` protocols
		</release>
		<release version="1.0" date="2010-10-08" min="2.0.3"/>
	</releases>
</extension>