<?xml version="1.0" encoding="UTF-8"?>
<extension id="html_panel" status="released" xmlns="http://symphony-cms.com/schemas/extension/1.0">
	<name>HTML Panel field</name>
	<description>A field that allows embedding of HTML directly into the backend</description>
	<repo type="github">https://github.com/symphonists/html_panel</repo>
	<url type="discuss">http://symphony-cms.com/discuss/thread/40332/</url>
	<types>
		<type>Field Types</type>
	</types>
	<authors>
		<author>
			<name github="symphonists" symphony="community">Symphony Community</name>
		</author>
		<author>
			<name github="nickdunn" symphony="nickdunn">Nick Dunn</name>
			<website>http://nick-dunn.co.uk</website>
		</author>
	</authors>
	<releases>
		<release version="1.4.1" date="2012-03-27" min="2.3.x" />
		<release version="1.3.3" date="2012-03-15" min="2.2.0" max="2.2.x" />
		<release version="1.3.2" date="2011-04-05" min="2.2" />
	</releases>
</extension>
