<?xml version="1.0" encoding="UTF-8"?>
<extension id="duplicate_entry" status="released" xmlns="http://symphony-cms.com/schemas/extension/1.0">
	<name>Duplicate Entry</name>
	<description>Adds a "Save as New" button when editing an existing entry.</description>
	<repo type="github">https://github.com/symphonists/duplicate_entry</repo>
	<url type="discuss">http://symphony-cms.com/discuss/thread/29873/</url>
	<types>
		<type>Workflow</type>
	</types>
	<authors>
		<author>
    			<name github="symphonists" symphony="community">Symphony Community</name>
		</author>
		<author>
			<name github="nickdunn" symphony="nickdunn">Nick Dunn</name>
			<website>http://nick-dunn.co.uk</website>
		</author>
	</authors>
	<releases>
		<release version="1.2" date="2010-11-29" min="2.0.6" />
		<release version="1.2.1" date="2010-11-30" min="2.0.6" max="2.2.5" />
		<release version="1.3" date="2012-03-08" min="2.3.x" />
	</releases>
</extension>
