<?xml version="1.0" encoding="UTF-8"?>
<extension id="publish_shortcuts" status="released" xmlns="http://symphony-cms.com/schemas/extension/1.0">
	<name>Publish Shortcuts</name>
	<description>Lets you define shortcut buttons for the section/publish index pages.</description>
	<repo type="github">https://github.com/symphonists/publish_shortcuts</repo>
	<url type="discuss">http://symphony-cms.com/discuss/thread/41545/</url>
	<types>
		<type>Interface</type>
	</types>
	<authors>
		<author>
			<name github="symphonists" symphony="community">Symphony Community</name>
			<name github="makenosound" symphony="makenosound">Max Wheeler</name>
		</author>
	</authors>
	<releases>
		<release version="1.2" date="2013-06-28" min="2.3" />
		<release version="1.1" date="2011-03-18" min="2.2" max="2.2.x" />
	</releases>
</extension>
