<?xml version="1.0" encoding="UTF-8"?>
<extension id="dont_drop" status="released" xmlns="http://symphony-cms.com/schemas/extension/1.0">
	<name>Don't Drop</name>
	<description>Hides single item publish menu group dropdown-menus</description>
	<repo type="github">https://github.com/nils-werner/dont_drop</repo>
	<url type="discuss">http://symphony-cms.com/discuss/thread/41567/</url>
	<url type="issues">https://github.com/nils-werner/dont_drop/issues</url>
	<types>
		<type>Interface</type>
	</types>
	<authors>
		<author>
			<name github="nils-werner" symphony="phoque">Nils Werner</name>
			<website>http://www.phoque.de/</website>
		</author>
	</authors>
	<releases>
		<release version="1.4" date="2011-06-11" min="2.3">
			Compatibility to Symphony 2.3
		</release>
		<release version="1.3" date="2011-02-02" min="2.2">
			Compatibility to Symphony 2.2
		</release>
		<release version="1.2" date="2010-08-26" min="2.0.6">
			Extended clickable area
		</release>
		<release version="1.1" date="2010-03-18" min="2.0.2">
			Some CSS Fixes, Renamed to "Don't Drop"
		</release>
		<release version="1.0" date="2010-03-18" min="2.0.2">
			Initial release
		</release>
	</releases>
</extension>