<?xml version="1.0" encoding="UTF-8"?>
<extension id="debugdevkit" status="released" xmlns="http://getsymphony.com/schemas/extension/1.0">
	<name>Debug Devkit</name>
	<description>The Debug Devkit allows a developer to preview the XML of a Frontend page. It also includes the page parameters, included XSL templates and provides a navigation for other Devkit extensions (such as the Profile Devkit)</description>
	<repo type="github">https://github.com/symphonycms/debugdevkit</repo>
	<types>
		<type>Workflow</type>
	</types>
	<authors>
		<author>
			<name github="team" symphony="symphonycms">Symphony Team</name>
			<website>http://www.getsymphony.com</website>
		</author>
		<author>
			<name github="rowan-lewis" symphony="buzzomatic">Rowan Lewis</name>
			<website>http://rowanlewis.com/</website>
		</author>
	</authors>
	<releases>
		<release version="1.2.4" data="2013-07-01" min="2.3">
			- Update links to **getsymphony.com**
		</release>
		<release version="1.2.3" date="2013-02-22" min="2.2" max="2.3.x">
			- Update Bitter library for improving syntax highlighting
			- Add Italian language
			- Add Russian language
		</release>
		<release version="1.2.2" date="2012-05-21" min="2.2" max="2.3.x">
			- Add `?debug=raw` mode that outputs the page XML as raw XML
			- Fix indentation issues
			- Minor tweaks to CSS for better consistency
			- Update path to use `SYPMHONY_URL` constant
		</release>
		<release version="1.2.1" date="2011-07-03" min="2.2">
			- Adding arrays to the param pool no longer breaks debug view
		</release>
	</releases>
</extension>