<?xml version="1.0" encoding="UTF-8"?>

<extension id="limit_section_entries" status="released" xmlns="http://symphony-cms.com/schemas/extension/1.0">

	<name>Limit Section Entries</name>

	<description>Offers a way to limit the maximum number of entries in a section.</description>

	<repo type="github">https://github.com/vlad-ghita/limit_section_entries</repo>

	<url type="discuss">http://symphony-cms.com/discuss/thread/88073/</url>

	<types>
		<type>Interface</type>
		<type>Workflow</type>
	</types>

	<authors>
		<author>
			<name github="vlad-ghita" symphony="vladG">Vlad Ghita</name>
			<email>vlad_micutul@yahoo.com</email>
			<website>http://www.xanderadvertising.com</website>
		</author>
	</authors>

	<releases>
		<release version="1.1.0" date="2012-12-19" min="2.3"><![CDATA[
			* Adapt entry create / save message to reflect Section limit.
		]]></release>

		<release version="1.0.2" date="2012-12-19" min="2.3"><![CDATA[
			* Refactor PHP code to allow external usage.
		]]></release>

		<release version="1.0.1" date="2012-05-18" min="2.3"><![CDATA[
			* Move `Maximum entries` input below section `Name` on section settings page.
		]]></release>

		<release version="1.0" date="2012-05-18" min="2.3"><![CDATA[
			* Initial release
		]]></release>
	</releases>

</extension>
