<?xml version="1.0" encoding="UTF-8"?>
<extension id="datetime" status="released" xmlns="http://symphony-cms.com/schemas/extension/1.0">
	<name>Date and Time</name>
	<description>Date and time management for Symphony</description>
	<repo type="github">https://github.com/hananils/datetime</repo>
	<url type="discuss">http://symphony-cms.com/discuss/thread/83265/</url>
	<types>
		<type>Field Types</type>
		<type>Interface</type>
	</types>
	<authors>
		<author>
			<name github="hananils" symphony="hananils">Büro für Web- und Textgestaltung</name>
			<website>http://hananils.de?symphony=datetime</website>
		</author>
		<author>
			<name github="nilshoerrmann" symphony="Nils">Nils Hörrmann</name>
			<website>http://nilshoerrmann.de?symphony=datetime</website>
		</author>
	</authors>
	<releases>
		<release version="3.1.1" date="2013-07-04" min="2.3">
			- Improved filter error handling
			- Add timestamps to XML output
		</release>
		<release version="3.1" date="2013-04-06" min="2.3">
			- Simplify calendar opening and closing actions
			- Remove inline help – this should be handled by developers individually
			- Fix issues with field settings
		</release>
		<release version="3.0.7" date="2013-04-06" min="2.3">
			- General fixes and compatibility updates
		</release>
		<release version="3.0.6" date="2012-08-17" min="2.3">
			- Fix language detection in Data Source
		</release>
		<release version="3.0.5" date="2012-08-12" min="2.3">
			- Fix collapsing state storage
		</release>
		<release version="3.0.4" date="2012-07-12" min="2.3">
			- Minor fixes and improvements.
		</release>
		<release version="3.0.3" date="2012-05-10" min="2.3">
			- Updated German translation.
		</release>
		<release version="3.0.2" date="2012-05-07" min="2.3">
			- Fixed problems with Date and Time fields inside subsections.
		</release>
		<release version="3.0.1" date="2012-05-07" min="2.3">
			- Removed accidentally bundled Stage submodule.
		</release>
		<release version="3.0" date="2012-05-06" min="2.3">
			- Symphony 2.3 compatibility.
			- Switched from Stage to Duplicator to generate the interface.
			- Added inline help.
			- Simplified layout for single date fields.
		</release>
		<release version="2.4" date="2012-02-14" min="2.2.1" max="2.2.5">
			- Allow field to be required. (Thanks, Brendan!)
			- Include languages for Date and Time Data Source in preferences.
			- Added month and year selects.
			- Fix timeline behaviour.
			- General improvements. (Thanks, Brendan!)
		</release>
		<release version="2.3.2" date="2012-01-17" min="2.2.1" max="2.2.5">
			- Updated forum link.
		</release>
		<release version="2.3.1" date="2012-01-17" min="2.2.1" max="2.2.5">
			- Update meta informations.
		</release>
		<release version="2.3" date="2012-01-17" min="2.2.1" max="2.2.5">
			- Moved extension and Stage submodule to new home.
		</release>
		<release version="2.2.4" date="2011-12-13" min="2.2.1" max="2.2.5">
			- Updated `extension.meta.xml.
		</release>
		<release version="2.2.3" date="2011-12-06" min="2.2.1" max="2.2.5">
			- Updated `extension.meta.xml.
		</release>
		<release version="2.2.2" date="2011-12-06" min="2.2.1" max="2.2.5">
			- Updated readme.
		</release>
		<release version="2.2.1" date="2011-12-06" min="2.2.1" max="2.2.5">
			- Updated basic extension information and `extension.meta.xml`.
		</release>
		<release version="2.2" date="2011-12-03" min="2.2.1" max="2.2.5">
			- Added `extension.meta.xml` file.
			- Fix timezone issues.
			- Improved parameter output.
			- Improved Data Source sorting and grouping. (Thanks, Brendan and Nicolas!)
			- General clean-up. (Thanks, Brendan!)
		</release>
		<release version="2.1.1" date="2011-07-27" min="2.2.1" max="2.2.5">
			- Safari compatibility for keyboard interactions.
		</release>
		<release version="2.1" date="2011-07-26" min="2.2.1" max="2.2.5">
			- Added French translation. (Thanks, Nicolas!)
			- Added new `extended` filter mode. (Thanks, Nicolas!)
			- Access end dates via tab key. (Thanks, Brendan!)
		</release>
		<release version="2.0.1" date="2011-06-17" min="2.2.1" max="2.2.5">
			- Corrected version number.
		</release>
		<release version="2.0" date="2011-06-16" min="2.2.1" max="2.2.5">
			- Implemented Stage.
			- Implemented new calendar.
			- Symphony 2.2 compatibility.
			- General code clean-up.
			- A lot of tiny bug fixes.
		</release>
		<release version="1.5.1" date="2010-11-22" min="2.1.2" max="2.2">
			- Section Schema compatibility. (Thanks, Brendan!)
		</release>
		<release version="1.5" date="2010-11-10" min="2.1.2">
			- Added Norwegian translation. (Thanks, Frode!)
			- Updated data source filtering. (Thanks, John!)
		</release>
		<release version="1.4" date="2010-08-27" min="2.1.1">
			- Added Italian translation, improved date localisation. (Thanks, Simone!)
		</release>
		<release version="1.3" date="2010-01-15" min="2.0.6" max="2.1">
			- Added German translation, improved date handling.
			- Fixed a lot of bugs and overall improvements. (Thanks, Brendan!)
		</release>
		<release version="1.2" date="2009-08-26" min="2.0.4" max="2.0.5">
			- Added support for data source grouping (calendar view).
		</release>
		<release version="1.1" date="2009-08-25" min="2.0.4">
			- Added support for data source filtering.
		</release>
		<release version="1.0.2" date="2009-08-24" min="2.0.4">
			- Minor bug fixes.
		</release>
		<release version="1.0.1" date="2009-08-03" min="2.0.4">
			- Minor bug fixes.
		</release>
		<release version="1.0" date="2009-08-21" min="2.0.4">
			- Initial release.
		</release>
	</releases>
</extension>
