<?xml version="1.0" encoding="UTF-8"?>
<extension id="publishnotesfield" status="released" xmlns="http://symphony-cms.com/schemas/extension/1.0">
	<name>Publish Notes Field</name>
	<description>Arrange arbitrary HTML notes</description>
	<repo type="github">https://github.com/symphonists/publishnotesfield</repo>
	<url type="discuss">http://symphony-cms.com/discuss/thread/25695/</url>
	<types>
		<type>Field Types</type>
	</types>
	<authors>
		<author>
			<name github="symphonists" symphony="community">Symphony Community</name>
		</author>
		<author>
			<name github="makenosound" symphony="Makenosound">Max Wheeler</name>
		</author>
	</authors>
	<releases>
		<release version="1.1" date="2013-02-25" min="2.3">
			- Update for Symphony 2.3
		</release>
		<release version="1.0.1" date="2012-05-17" min="2.2" max="2.2.x" />
		<release version="1.0" date="2011-03-19" min="2.2" />
	</releases>
</extension>