<?xml version="1.0" encoding="UTF-8"?>
<extension id="field_metakeys" status="released" xmlns="http://symphony-cms.com/schemas/extension/1.0">
	<name>Meta Keys</name>
	<description>The Meta Keys field allows you to add arbitrary pieces of information to entries identified by user generated keys</description>
	<repo type="github">https://github.com/brendo/field_metakeys</repo>
	<url type="discuss">http://symphony-cms.com/discuss/thread/52886/</url>
	<types>
		<type>Field Types</type>
	</types>
	<authors>
		<author>
			<name github="brendo" symphony="brendo">Brendan Abbott</name>
			<website>http://www.bloodbone.ws</website>
		</author>
	</authors>
	<media>
		<item type="image" url="http://symphonyextensions.com/brendo/field_metakeys/media/field_metakeys.png">Meta Keys: The Meta Keys field allows you to add arbitrary pieces of information to entries identified by user generated keys</item>
	</media>
	<releases>
		<release version="1.2" date='2013-06-12' min="2.3.1">
			- Add filtering support for numeric data, see the README
			- Fix potential JS error with the duplicator
		</release>
		<release version="1.1" date='2013-05-19' min="2.3.1">
			- Duplicator updates (orderable and sortable), thanks @kanduvisla!
			- Implement XMLImporter's updated `prepareImportValue` function, thanks @nilshoerrmann!
			- Sanitize keys and allow keys to be assigned a default value, thanks @kanduvisla!
			- Add Russian language, thanks @alexbirukov
			- Minor cleanups to CSS/README
		</release>
		<release version="1.0" date='2012-05-29' min="2.3">
			- Support for Symphony 2.3
			- Update to use default Symphony duplicator
		</release>
		<release version="0.9.5" date="2011-11-22" min="2.1.0" max="2.2.5">
			- Add `prepareImportValue` function for the XMLImporter
		</release>
		<release version="0.9.4" date="2011-09-27" min="2.1.0" max="2.2.5">
			- Explicitly state UTF-8 for tables (thanks @kanduvisla)
			- Fix bug when deleting empty keys (thanks @kanduvisla)
		</release>
		<release version="0.9.3" date="2011-03-09" min="2.1.0">
			- Cleanup of extension for S2.2
			- Added Romanian translation (thanks Vlad)
		</release>
		<release version="0.9.2" date="2010-12-15" min="2.1.0">
			- Fix output error when only one key/value pair was added
		</release>
		<release version="0.9.1" date="2010-11-10" min="2.1.0">
			- Few CSS Tweaks to make Meta Keys play better with other fields
			- Fix Safari autofocus bug
		</release>
		<release version="0.9" date="2010-10-11" min="2.1.0">
			- Initial Public Release
		</release>
	</releases>
</extension>