<?xml version="1.0" encoding="UTF-8"?>
<extension id="addresslocationfield" status="released" xmlns="http://symphony-cms.com/schemas/extension/1.0">
	<name>Address Location Field</name>
	<description>Geocode an address, then refine the latlng returned for precision.</description>
	<repo type="github">https://github.com/designermonkey/addresslocationfield</repo>
	<url type="discuss">http://symphony-cms.com/discuss/thread/70238/</url>
	<types>
		<type>Field Types</type>
	</types>
	<authors>
		<author>
			<name github="designermonkey" symphony="designermonkey">John Porter</name>
			<website>http://designermonkey.co.uk</website>
		</author>
	</authors>
	<releases>
		<release version="1.1.1" date="2012-09-28" min="2.3">
			- Fixed Issue #4, https://github.com/designermonkey/addresslocationfield/issues/4
		</release>
		<release version="1.1" date="2012-06-27" min="2.3">
			- `2.3` compatibility.
		</release>
		<release version="1" date="2011-05-31" min="2.2" max="2.2.5" />
	</releases>
</extension>