<?xml version="1.0" encoding="UTF-8"?>
<extension id="subsectionmanager" status="released" xmlns="http://symphony-cms.com/schemas/extension/1.0">
	<name>Subsection Manager</name>
	<description>Subsection management for Symphony.</description>
	<repo type="github">https://github.com/hananils/subsectionmanager</repo>
	<url type="discuss">http://symphony-cms.com/discuss/thread/83270/</url>
	<types>
		<type>Field Types</type>
		<type>Interface</type>
	</types>
	<authors>
		<author>
			<name github="hananils" symphony="hananils">Büro für Web- und Textgestaltung</name>
			<website>http://hananils.de?symphony=subsectionmanager</website>
		</author>
		<author>
			<name github="nilshoerrmann" symphony="Nils">Nils Hörrmann</name>
			<website>http://nilshoerrmann.de?symphony=subsectionmanager</website>
		</author>
	</authors>
	<releases>
		<release version="3.5.1" date="2013-07-23" min="2.3.3">
			- Remove jQuery migration plugin
		</release>
		<release version="3.5" date="2013-07-23" min="2.3.3">
			- Remove Subsection Tabs
		</release>
		<release version="3.1.1" date="2013-07-04" min="2.3.3">
			- Bug fix (thanks, Alexander)
		</release>
		<release version="3.1" date="2013-07-03" min="2.3.3">
			- Symphony 2.3.3 compatibility – this change is not backwards-compatible (thanks, Alexander)
		</release>
		<release version="3.0" date="2013-03-22" min="2.3">
			- Fix uninstaller
		</release>
		<release version="3.0beta3" date="2012-10-29" min="2.3">
			- Discontinuing support, see http://getsymphony.com/discuss/thread/83270/7/#position-121
		</release>
		<release version="3.0beta2" date="2012-05-10" min="2.3">
			- Symphony 2.3 compatibility
			- Replaced Stage interface with core Duplicators
			- Simplified settings
		</release>
		<release version="2.1.2" date="2012-02-03" min="2.2.5">
			- Fix invalid `extension.meta.xml` and solve merging errors
		</release>
		<release version="2.1.1" date="2012-01-17" min="2.2.5">
			- New forum link
		</release>
		<release version="2.1" date="2012-01-17" min="2.2.5">
			- Moving Subsection Manager to a new home
		</release>
		<release version="2.0.3" date="2012-01-11" min="2.2.5">
			- Fix invalid `extension.meta.xml`
		</release>
		<release version="2.0.2" date="2012-01-11" min="2.2.5">
			- Fix merging error
		</release>
		<release version="2.0.1" date="2012-01-11" min="2.2.5">
			- Simplify image integration in readme
		</release>
     	<release version="2.0" date="2012-01-10" min="2.2.5">
			- Introduced subsection caching (thanks, Marcin!)
			- Introduced new field type Subsection Tabs
			- Moved included fields to Data Source editor (thanks, Marcin!) – this will break compatibility!
			- Moved to simpler sorting – this will break compatibility!
			- Fixed several JavaScript and style bugs
			- Fixed `iframe` resizing when content height changes
			- Added `not: ` as negation filter in Data Sources (thanks, Marcin!)
			- Added Data Source grouping if field allows multiple items (thanks, Marcin!)
			- Added basic support for XML Importer
			- Added new setting for recursion levels handled by Subsection Manager (thanks, Marcin!)
			- Added Russian translation (thanks, Alexander!)
			- Updated Stage to version 1.5
			- Updated codebase to reflect latest Symphony core changes
		</release>
		<release version="1.3.2" date="2011-12-13" min="2.2">
			- Updated extension information
		</release>
		<release version="1.3.1" date="2011-12-03" min="2.2">
			- Added `extension.meta.xml` file
		</release>
		<release version="1.3" date="2011-10-11" min="2.2">
			- Reflect latest Symphony core changes (thanks, Brendan!)
			- Updates Stage to version 1.3 (thanks, Brendan!)
			- Field now correctly outputs parameters (thanks, Brendan!)
			- Improve compatibility with Reflection Field (thanks, Marcin!)
			- Fix potential SQL Injection vulnerability (thanks, Marcin!)
			- Fix bug where only the latest linked entry will be remembered (thanks, Marcin!)
			- Fix potential encoding issue (thanks, Marcin!)
			- Fix Call-time pass-by-reference warning that appeared in some environments (thanks, Marcin!)
		</release>
		<release version="1.2" min="2.2">
			- New setting to disable inline subsection editing
			- Better search performance
			- Dynamically adjust Stage height
			- Stability and compatibility update
		</release>
		<release version="1.1" min="2.2">
			- Updated Stage
			- Removed Draggable plugin
			- General improvements and code clean-up
			- Symphony 2.2. compatibility
		</release>
		<release version="1.0.1" min="2.1" >
			- Fixed issue with the section editor display
			- Fixed issues with updates from beta versions
		</release>
		<release version="1.0" min="2.1">
			- Initial release
		</release>
	</releases>
</extension>
