<?xml version="1.0" encoding="UTF-8" ?>
<extension id="tooltip" xmlns="http://symphony-cms.com/schemas/extension/1.0">
	<name>Tooltip</name>
	<description>Add a little tooltip to each field. Great for documentation!</description>
	<repo type="github">https://github.com/TwistedInteractive/tooltip</repo>
	<types>
		<type>Interface</type>
	</types>
	<authors>
		<author>
			<name github="TwistedInteractive">Twisted Interactive</name>
			<website>http://www.twisted.nl</website>
		</author>
	</authors>
	<releases>
		<release version="1.0" date="2012-05-02" min="2.2.x" max="2.2.5" />
		<release version="1.1" date="2012-05-08" min="2.3" />
	</releases>
	<media>
		<item type="image" url="http://i.imgur.com/oYpLa.png">Tooltips</item>
	</media>
</extension>
