<?xml version="1.0" encoding="UTF-8" ?>
<extension id="members" status="released" xmlns="http://getsymphony.com/schemas/extension/1.0">
  <name>Members</name>
  <description lang="en">Define your own frontend membership system using events and XSLT.</description>
  <url type="repo">https://github.com/symphonycms/members</url>
  <url type="discuss">http://getsymphony.com/discuss/thread/70378/</url>
  <types>
	<type>Membership</type>
  </types>
  <authors>
	<author>
	  <name github="symphonycms" symphony="team" twitter="symphonycms">Symphony Team</name>
	  <website>http://getsymphony.com</website>
	</author>
	<author>
	  <name github="brendo" symphony="brendo" twitter="brend0">Brendan Abbott</name>
	</author>
  </authors>
  <releases>
	<release version="1.2" date="2012-12-06" min="2.3">
	  * Update for Symphony 2.3
	  * Lazy load Member fields for better performance
	  * Added Greek translation
	</release>
	<release version="1.1.1" date="2011-08-13" min="2.2.1" max='2.2.x'>
	  * Fix update script in 1.1
	  * Explicitly set the CHARSET to be UTF8 when creating new tables.
	</release>
	<release version="1.1" date="2011-08-06" min="2.2.1" max='2.2.x'>
	  * Member: Username uniqueness is now done by `handle`, rather than `value`
	  * Member: Activation and Member: Role UI has been updated to better show a Member's role while they are unactivated
	  * Fix sorting and output parameter of the Member: Activation field
	  * The Member: Reset Password event now works correctly with the Member: Email field when no Member: Username field is present
	  * Addition of the Italian localisation
	  * Other minor miscellaneous tweaks and fixes
	</release>
	<release version="1.0" date="2011-06-01" min="2.2.1" max='2.2.x'>
	  * Initial release
	</release>
  </releases>
</extension>