<?xml version="1.0" encoding="UTF-8"?>
<extension id="repeating_date_field" status="released" xmlns="http://symphony-cms.com/schemas/extension/1.0">
	<name>Repeating Date Field</name>
	<description>Handle recurring events.</description>
	<repo type="github">https://github.com/symphonists/repeating_date_field</repo>
	<url type="discuss">http://symphony-cms.com/discuss/thread/442/</url>
	<types>
		<type>Field Types</type>
	</types>
	<authors>
		<author>
			<name github="symphonists" symphony="community">Symphony Community</name>
		</author>
		<author>
			<name github="rowan-lewis" symphony="buzzomatic">Rowan Lewis</name>
			<website>http://nbsp.io/</website>
		</author>
	</authors>
	<releases>
		<release version="1.1" date="2011-09-13" min="2.0" />
	</releases>
</extension>
