<?xml version="1.0" encoding="UTF-8"?>
<extension id="oembed_field" status="released" xmlns="http://symphony-cms.com/schemas/extension/1.0">
	<name>oEmbed Field</name>
	<description>Easily embed videos/images from ANY* website that implements the oEmbed format. See http://oembed.com. Supported services:
	- **Vimeo**
	- **Youtube**
	- **Dailymotion**
	- **Twitter**
	- Flickr
	- Qik
	- Viddler
	- SlideShare
	</description>
	<repo type="github">https://github.com/Solutions-Nitriques/oembed_field</repo>
	<url type="discuss">http://symphony-cms.com/discuss/thread/73696/</url>
	<types>
		<type>Field</type>
		<type>Third Party Integration</type>
	</types>
	<authors>
		<author>
			<name github="Solutions-Nitriques" symphony="nitriques">Solutions Nitriques</name>
			<website>http://www.nitriques.com/open-source/</website>
		</author>
		<author>
			<name github="DeuxHuitHuit" symphony="">Deux Huit Huit</name>
			<website>http://www.deuxhuithuit.com</website>
		</author>
		<author>
			<name github="rowan-lewis" symphony="buzzomatic">Rowan Lewis</name>
			<website>http://nbsp.io/</website>
		</author>
		<author>
			<name github="briandrum" symphony="briandrum">Brian Drum</name>
			<website>http://briandrum.net</website>
		</author>
		<author>
			<name github="andrewminton" symphony="moonoo2">Andrew Minton</name>
			<website>http://andrewminton.co.uk</website>
		</author>
	</authors>
	<dependencies>
		<!-- None -->
	</dependencies>
	<releases>
		<release version="1.6" date="2013-04-01" min="2.3">
	- Added Russian translation
	- Added SSL support for some drivers via protocol-less embedding (fixes #33)
	- Added a new XML node in the DS, which lists supported protocols
	- Added a basic JSON parser
	- Fixed issue #35 when duplicating a section
		</release>
		<release version="1.5.1" date="2012-10-17" min="2.3">
	- Minor bug fixes
		</release>
		<release version="1.5" date="2012-07-06" min="2.3">
	- Made compatible with Symphony 2.3
	- Added Slideshare driver
	- Added Oembed Content field for Rowan Lewis' Content Field extension
		</release>
		<release version="1.4" date="2012-04-22" min="2.2.5" max="2.2.5">
	- Issue #22 fixed
	- Major code review, adding more toughness to the code
	- Added a new class, <code>ServiceParser</code> which will enable working with services that only provides JSON
	- Fix issues #10, #11, #19, #15, #20
	- Refactored the request url parameters feature: You can add values to the oEmbed query string
	- YouTube driver fix for the shorten domain (part of issue #19)
	- Added the `show thumbnails in table` parameter: if disabled, title or url will be used
	- Changes between the two branches (master and dev) are now synced 
		</release>
		<release version="1.3.2" date="never" min="2.2.3" max="2.2.5">
	- **This release has never been stable**
	- Minor bug fixes    
	- Added the `oembed requests parameters sets` field's setting (issue #11) ([see how it work]) (@deprecated)
	- Fixed a lot of typos (thanks @brando)
	- Tables now uses utf_8 and MyISAM
	- Refactored the drivers: They are now more easy to implement
	- Changes between the two branches (master and dev) are now synced 
		</release>
		<release version="1.3.1.1" date="2012-02-01" min="2.2.3" max="2.2.5">
	- Added the Twitter Driver :) Thanks @briandrum !
		</release>
		<release version="1.3.1" date="2011-10-16" min="2.2.3" max="2.2.5">
	- Added assets for the blueprints>section pages  
	- Added the 'unique' option - url can now be unique across a section  
	- Added Dailymotion, Qik (fix issue #9) and Viddler drivers (thanks Andrew!, pull request #8)
	- Improved comments (a lot!)    
	- Fix a typo (issue #6)    
	- Added support for image (thumbnail) in table view (do not forget to add those site in JIT)   
	- Refactored how the drivers are managed in the ServiceDispatcher (issue #10)
	
	- Public methods to get drivers and drivers names
	- Drivers are now all loaded by default
	- Drivers filename must now respect the `class.service[a-zA-Z0-9]+.php` regular expression
	- Drivers are now listed in section field and publish page  
		</release>
		<release version="1.3" date="2011-10-06" min="2.2.3" max="2.2.5">
	- Improved error management - Added a ref flag for that in the public method     
	- Added a method that permit change of the root tag name in the oEmbed response   
		</release>
		<release version="1.2.2" date="2011-09-28" min="2.2.2" max="2.2.5"> 
	- Update the YouTube driver to 1.2 - Fix when the entered url contains a #
		</release>
		<release version="1.2.1" date="2011-09-08 " min="2.2.2" max="2.2.5">  
	- Update the YouTube driver to 1.1 - Fix the width when the field is in the sidebar
		</release>
		<release version="1.2" date="2011-08-19" min="2.2.2" max="2.2.5">   
	  - Update for Symphony 2.2.2 compatibility
	(do not need to check for the $simulate value as it seems to be always true) 
		</release>
		<release version="1.1" date="2011-07-25" min="2.2.2" max="2.2.5">   
	- Couple of bug fixes    
	- Adapted the code so oEmbed resources in the sidebar displays correctly
		</release>
		<release version="1.0.1" date="2011-07-17" min="2.2.2" max="2.2.5">  
	- Added YouTube
		</release>
		<release version="1.0" date="2011-07-15" min="2.2.2" max="2.2.5">  
	- First release
		</release>
	</releases>
</extension>